objectid,filename,title,format,latitude,longitude,genero,narrativa,musica,estetica,innovador,description,narrative_text,music_text,graphics_text
60_seconds_reatomized,60_seconds_reatomized.jpg,60 Seconds! Re-atomized,image/jpg,52.4064,16.9252,Survival,emergente,orquestal,dibujo,narrativa,"Una carrera frenética contra el reloj donde solo tienes un minuto para recoger suministros y a tu familia antes de que caigan las bombas. Tras el impacto, deberás gestionar recursos y tomar decisiones críticas en un búnker subterráneo. Es una comedia negra que pone a prueba tu capacidad de liderazgo en el fin del mundo.","La trama se desarrolla mediante un diario de supervivencia que registra las desventuras diarias de la familia Mc Doodle. Cada decisión sobre el racionamiento de comida o las peligrosas expediciones al exterior altera irreversiblemente el destino de los personajes, generando una crónica de humor negro distinta en cada partida.","Una partitura de cámara tensa y sombría que subraya la atmósfera de claustrofobia dentro del refugio. El uso inteligente del silencio y los ruidos metálicos exteriores aumenta la paranoia del jugador mientras espera el próximo informe de la radio.","El estilo visual evoca un cómic satírico de los años 50 con personajes caricaturescos que se deterioran físicamente con el paso de los días. Los fondos estáticos cambian sutilmente para mostrar la degradación del búnker y la falta de recursos de forma visualmente impactante."
ambidextro,ambidextro.jpg,Ambidextro,image/jpg,39.4699,-0.3763,Local Co-op,mudo,electrónica,minimalista,genero,"Un desafío de coordinación pura donde un solo jugador debe controlar dos personajes simultáneamente a través de laberintos mortales. El juego pone a prueba tu capacidad de procesamiento mental paralelo en tiempo real. Es una experiencia minimalista diseñada para llevar tus habilidades motoras al límite.","El juego carece de diálogos, confiando el peso de su historia a la arquitectura de sus niveles y a la sensación de dualidad constante. La progresión física por los entornos funciona como una metáfora visual sobre la conexión y la sincronización mental.","Ritmos electrónicos constantes y pulsos sintetizados que ayudan al jugador a entrar en un estado de concentración profunda. El paisaje sonoro está diseñado para marcar el tempo de los movimientos del jugador, facilitando la coordinación necesaria para manejar ambos avatares.","Utiliza una paleta de colores de alto contraste sobre fondos oscuros para garantizar una lectura visual rápida y sin fatiga. Su diseño geométrico y limpio permite que el jugador se centre exclusivamente en la acción de ambas mitades de la pantalla sin distracciones innecesarias."
among_us,among_us.jpg,Among Us,image/jpg,47.6740,-122.1215,Social,emergente,retro,dibujo,genero,"Un juego de deducción social donde la tripulación de una nave espacial intenta identificar a los impostores ocultos antes de ser eliminados. La mentira, la sospecha y la acusación son las herramientas principales durante las tensas reuniones de emergencia. Es un experimento social multijugador que pone a prueba la confianza entre amigos.","La historia surge enteramente de las interacciones, engaños y traiciones que ocurren entre los propios jugadores en cada sesión. No existe un guion fijo, convirtiendo cada partida en un episodio de suspense único escrito por el comportamiento humano y la astucia.","El audio es minimalista y funcional, utilizando efectos de sonido icónicos que generan una respuesta instintiva de estrés. El silencio durante las tareas se rompe de forma magistral con alarmas estridentes que marcan el ritmo de las votaciones y el drama.","Presenta un estilo visual simplificado y vibrante con personajes sin brazos que se han convertido en iconos de la cultura pop. Los entornos son limpios y funcionales, diseñados para facilitar la identificación rápida de saboteos y la navegación fluida por los mapas."
ark_survival_evolve,ark_survival_evolve.jpg,ARK: Survival Evolved,image/jpg,47.6769,-122.2060,Survival,ambiental,orquestal,realista,estetica,"Despierta en una isla misteriosa donde debes cazar, fabricar objetos y construir refugios para sobrevivir a dinosaurios y otros jugadores. Podrás domesticar y criar criaturas colosales mientras descubres tecnologías futuristas ocultas en el entorno. Es un simulador de supervivencia masivo que mezcla la prehistoria con la ciencia ficción avanzada.","El pasado de la isla se revela mediante notas de explorador y restos tecnológicos repartidos por los biomas. El jugador debe reconstruir el lore de este mundo por su cuenta, descubriendo el propósito de las enormes estructuras flotantes que dominan el cielo.","Una banda sonora épica que combina instrumentos de viento primitivos y tambores de guerra con sintetizadores modernos. La musica evoluciona junto al jugador, pasando de ritmos tribales a composiciones tecnológicas a medida que se dominan nuevas herramientas.","Destaca por el realismo en el modelado de sus criaturas prehistóricas y un sistema de iluminación dinámica que hace que cada amanecer sea espectacular. La escala de los entornos y el detalle de las texturas de los dinosaurios crean una inmersión visual líder en su genero."
balatro,balatro.jpg,Balatro,image/jpg,43.6532,-79.3832,Roguelike,ninguno,lofi,pixelart,genero,"Un roguelike de póker hipnóticamente adictivo donde el objetivo es crear manos ilegales para ganar apuestas masivas. Deberás combinar manos de póker tradicionales con comodines únicos que generan efectos devastadores y multiplicadores. Cada partida es un rompecabezas estratégico de probabilidades, riesgo y recompensa constante.","La narrativa es puramente mecánica, contando una historia de riesgo y fortuna mediante el diseño de sus cartas y la progresión por los diferentes niveles de apuestas. El universo del juego se construye a través de la personalidad visual de sus comodines y el ambiente de casino clandestino.","Una mezcla hipnótica de sintetizadores ambientales y ritmos lo-fi que induce un estado de concentración absoluta. La musica evoluciona sutilmente para acompañar la tensión de las jugadas sin distraer nunca al jugador de sus cálculos estratégicos.","Inspirado en los antiguos monitores CRT, el juego utiliza efectos de distorsión y aberración cromática para dar una identidad retro única. Las animaciones fluidas de las cartas y el arte psicodélico de los comodines crean una experiencia visual coherente y muy distintiva."
bioshock_infinite,bioshock_infinite.jpg,BioShock Infinite,image/jpg,42.2529,-71.0023,Terror,lineal,orquestal,realista,narrativa,"Viaja a la ciudad flotante de Columbia para rescatar a Elizabeth, una joven con poderes misteriosos atrapada en una guerra civil. Deberás usar armas y habilidades sobrenaturales mientras recorres una metrópolis suspendida en el cielo que oculta secretos oscuros. Es una aventura de acción cinematográfica con una carga filosófica profunda sobre el destino.","La trama explora conceptos complejos como los universos paralelos y el arrepentimiento a través del vínculo emocional entre sus dos protagonistas. La narrativa está integrada perfectamente en la acción, ofreciendo giros de guion que desafían la percepción del jugador sobre la realidad.","Utiliza versiones de canciones pop modernas adaptadas al estilo musical de principios del siglo XX, lo que genera una sensación de anacronismo fascinante. La orquesta cinemática subraya la épica de los combates aéreos y los momentos de mayor tensión dramática.","El diseño artístico se basa en el Art Deco y la estetica americana clásica, creando una ciudad luminosa que esconde una distopía aterradora. Los escenarios verticales y la iluminación volumétrica logran que Columbia se sienta como un lugar real y majestuoso."
blasphemous,blasphemous.jpg,Blasphemous,image/jpg,37.3891,-5.9845,Metroidvania,lore,orquestal,pixelart,estetica,"Encarna al Penitente en su viaje por una tierra castigada por una maldición divina inspirada en el folklore español. Deberás enfrentarte a criaturas grotescas en un combate rítmico y despiadado mientras exploras un mundo no lineal lleno de secretos religiosos. Es una obra maestra de la fantasía oscura con un apartado artístico sobrecogedor.","La historia se fragmenta en las descripciones de los objetos y los diálogos crípticos de personajes atormentados por la fe. El lore construye un universo denso y opresivo basado en la iconografía cristiana, la penitencia y el sacrificio personal.","La banda sonora utiliza la guitarra española y elementos de las procesiones de Semana Santa para crear una identidad sonora única. Las melodías melancólicas y fúnebres refuerzan la sensación de tristeza y solemnidad que impregna todo el reino de Cvstodia.","El pixel art alcanza niveles de detalle increíbles, inspirándose en las pinturas de Goya y la imaginería barroca sevillana. Los diseños de los jefes y los escenarios transmiten una belleza grotesca que lo diferencia de cualquier otro juego del mercado."
breath_of_the_wild,breath_of_the_wild.jpg,The Legend of Zelda: Breath of the Wild,image/jpg,35.0116,135.7681,Survival,ambiental,dinámica,celshading,genero,"Explora con total libertad un reino de Hyrule vasto y melancólico donde la curiosidad es tu única guía. Deberás usar la física del entorno, cocinar para sobrevivir y superar desafíos ancestrales para recuperar tus recuerdos perdidos. Es una aventura que redefine el concepto de mundo abierto mediante la interacción total con la naturaleza.","La historia de la gran calamidad se descubre mediante la observación de las ruinas y los fragmentos de memoria que el protagonista recupera en lugares específicos. La narrativa es sutil y respeta el ritmo del jugador, permitiendo que el mundo cuente su propia tragedia.","Un piano minimalista acompaña las caminatas del jugador, reaccionando de forma dinámica a la presencia de enemigos o al descubrimiento de nuevos lugares. El uso estratégico del silencio ambiental permite que los sonidos de la naturaleza sean los verdaderos protagonistas.","Su estilo cel-shaded imita una pintura en movimiento, utilizando colores suaves y paisajes vastos que son legibles desde cualquier distancia. La dirección artística logra que incluso los entornos vacíos se sientan llenos de vida y belleza estetica."
brotato,brotato.jpg,Brotato,image/jpg,45.7640,4.8357,Bullet Hell,ninguno,electrónica,cartoon,genero,"Una patata armada hasta los dientes debe sobrevivir a oleadas de alienígenas en una arena cerrada mientras mejora su equipo. Podrás manejar hasta seis armas a la vez y crear combinaciones de habilidades extremadamente poderosas para resistir el caos. Es un roguelite frenético donde la toma rápida de decisiones define cada partida.","Carece de una trama compleja para centrarse en una premisa absurda y directa que justifica la acción inmediata. La narrativa se reduce a la supervivencia heroica de un personaje carismático frente a un ejército interminable de enemigos.","musica electrónica de alta energía con ritmos rápidos que mantienen al jugador en un estado de alerta constante. La banda sonora está diseñada para acompañar la intensidad de los disparos y el movimiento incesante por la arena de combate.","Utiliza dibujos en 2D muy claros y definidos que facilitan la identificación de las amenazas en medio de la saturación de proyectiles. Su estilo visual es funcional y simpático, permitiendo una jugabilidad fluida incluso con cientos de elementos en pantalla."
castle_crashers,castle_crashers.jpg,Castle Crashers,image/jpg,32.7157,-117.1611,Local Co-op,comedia,rock,handdrawn,musica,"Lucha junto a tres amigos para salvar a las princesas y defender el reino en este clásico de acción cooperativa. Deberás mejorar a tu caballero, desbloquear armas y enfrentarte a jefes memorables en un viaje lleno de humor absurdo. Es un homenaje vibrante a los juegos de lucha callejera de los salones recreativos.","La historia sigue el esquema tradicional de rescate heroico pero lo subvierte constantemente con gags visuales y situaciones surrealistas. El humor es el motor principal de la aventura, conectando con el jugador mediante gestos y situaciones cómicas sin diálogos.","Una mezcla energética de sintetizadores, chiptune y ritmos rock que eleva la adrenalina en cada batalla. La musica es icónica por su capacidad de transmitir diversión y frenetismo, convirtiéndose en una parte esencial de la identidad del juego.","Todo el apartado artístico está dibujado a mano con un estilo vectorial muy limpio y animaciones extremadamente expresivas. El diseño de personajes cabezones y el uso de colores saturados le dan un aspecto visual único que ha envejecido de forma excelente."
celeste,celeste.jpg,Celeste,image/jpg,49.2827,-123.1207,Platformer,personal,lofi,pixelart,musica,"Ayuda a Madeline a sobrevivir a sus demonios internos en su ascenso a la montaña Celeste. Es un plataformas de precisión impecable que combina desafíos extremos con una historia conmovedora. Un viaje de superación personal que destaca por su control perfecto y su gran corazón.","La trama utiliza la escalada física como una metáfora brillante de la lucha contra la ansiedad y la depresión. A través de diálogos honestos y encuentros con personajes que representan facetas de la psique, el guion logra una conexión emocional profunda sin caer en el exceso de exposición.","La banda sonora compuesta por Lena Raine utiliza sintetizadores que evolucionan según el estado emocional de la protagonista. Las melodías melancólicas en los momentos de descanso contrastan con ritmos intensos en los desafíos, siendo un referente de cómo el sonido puede narrar el progreso interno.","El pixel art es vibrante y extremadamente legible, algo crucial para un juego de precisión técnica. Utiliza una paleta de colores que cambia según la altitud y el clima de la montaña, logrando una atmósfera única mediante el uso expresivo de partículas y efectos de luz."
cuphead,cuphead.jpg,Cuphead,image/jpg,43.4675,-79.6877,Platformer,lineal,orquestal,dibujo,estetica,"Enfréntate a jefes colosales en este juego de acción que recrea a la perfección el estilo de los dibujos animados de los años 30. Deberás aprender patrones complejos y tener reflejos de acero para saldar tu deuda con el diablo. Es una obra de arte visual que desafía incluso a los jugadores más veteranos.","La historia imita la estructura sencilla de las fábulas morales clásicas de la era dorada de la animación. Se apoya en una premisa directa de pactos fáusticos y humor slapstick, permitiendo que la personalidad de los villanos brille exclusivamente a través de sus gestos y transformaciones visuales.","Una banda sonora de jazz y big band grabada con instrumentos y técnicas de época para lograr un sonido auténtico. La musica rítmica está sincronizada con las fases de los jefes, creando una sinergia perfecta que dicta el tempo del combate y sumerge al jugador en una caricatura interactiva.","Cada fotograma fue dibujado y entintado a mano en papel antes de ser digitalizado, siguiendo los métodos de la animación Rubber Hose. Es el referente absoluto en la industria por su fidelidad artística y el uso de fondos de acuarela que dan una profundidad orgánica inigualable."
darkest_dungeon,darkest_dungeon.jpg,Darkest Dungeon,image/jpg,49.2827,-123.1207,Roguelike,oscuro,ambiental,dibujo,narrativa,"Gestiona a un grupo de héroes con fallos humanos mientras exploras mazmorras góticas donde el estrés es tan letal como los monstruos. Deberás tomar decisiones tácticas brutales y aceptar que los sacrificios son necesarios para reclamar tu herencia familiar. Es un RPG por turnos que castiga sin piedad el error y la debilidad mental.","El guion utiliza un narrador omnisciente cuya voz profunda y decadente relata el descenso a la locura de los personajes. La historia se centra en el peso del trauma y el colapso psicológico, convirtiendo la gestión del estrés en el motor narrativo principal de una tragedia lovecraftiana.","Paisajes sonoros opresivos que utilizan orquestación oscura y efectos ambientales que aumentan según el nivel de antorcha del jugador. El audio está diseñado para generar ansiedad constante, subrayando los momentos de pánico y los ataques críticos con una contundencia sonora magistral.","Su estetica está inspirada en los cómics de sombras duras y el arte gótico, utilizando trazos gruesos y una paleta de colores apagada. El diseño de las criaturas es una referencia en el horror cósmico, logrando transmitir una sensación de suciedad y peligro constante en cada rincón."
die_int_the_dungeon,die_int_the_dungeon.jpg,Die in the Dungeon,image/jpg,40.3082,-3.7327,Roguelike,técnica,retro,pixelart,genero,"Construye tu estrategia utilizando dados como armas en este innovador roguelite de tablero y mazmorras. Cada cara de los dados ofrece posibilidades distintas que deberás combinar para derrotar a enemigos cada vez más fuertes. Es una experiencia táctica que reinventa el genero mediante una gestión de recursos azarosa pero controlada.","La narrativa es puramente funcional y se integra en la estructura de la mazmorra, donde el progreso se cuenta a través de los desafíos superados. No busca una trama densa, sino que permite que el jugador construya su propia crónica de victorias y derrotas mediante la estrategia.","Melodías de estilo retro que evocan las aventuras clásicas de fantasía en consolas de mano. La musica acompaña el ritmo de los turnos de forma amable, cambiando a tonos más tensos durante los encuentros con jefes para marcar la importancia del enfrentamiento.","Presenta un pixel art pulido con una vista isométrica que facilita la lectura de las casillas del tablero. Los diseños de los personajes son simpáticos pero detallados, utilizando colores vibrantes que contrastan con los entornos sombríos de las mazmorras para destacar los elementos interactivos."
dont_starve,dont_starve.jpg,Don't Starve,image/jpg,49.2827,-123.1207,Survival,misterio,ambiental,dibujo,estetica,"Sobrevive en un mundo salvaje y extraño donde la ciencia y la magia se mezclan de formas peligrosas. Deberás recolectar recursos, fabricar herramientas y mantener encendida la luz para evitar que las sombras te consuman. Es un simulador de supervivencia implacable con una atmósfera única y perturbadora.","El juego esconde un lore profundo sobre un titiritero que atrapa a las personas en una dimensión paralela llena de peligros. La historia se descubre a través de breves frases de los personajes y el encuentro con estructuras extrañas que sugieren un pasado tecnológico y ocultista.","Utiliza instrumentación inusual, destacando vientos madera que imitan voces humanas distorsionadas y ritmos de vodevil oscuro. La banda sonora es errática y juguetona, capturando perfectamente la locura del entorno y la fragilidad mental del protagonista.","Inspirado en los bocetos de Tim Burton y el cine expresionista alemán, el arte tiene un aspecto de dibujo a mano alzada muy característico. Los entornos están llenos de detalles góticos y animaciones de tipo marioneta que refuerzan la sensación de estar en un cuento de hadas retorcido."
doom,doom.jpg,DOOM,image/jpg,32.9483,-96.7299,Bullet Hell,épico,rock,realista,musica,"Aniquila a las hordas del infierno en un combate visceral y frenético donde el movimiento es tu única defensa. Deberás usar un arsenal devastador para abrirte paso entre demonios en instalaciones espaciales y llanuras infernales. Es la esencia pura del genero de disparos llevada a su máximo nivel de agresividad y ritmo.","La narrativa posiciona al jugador como una fuerza de la naturaleza imparable, subvirtiendo el horror tradicional para convertir al protagonista en la amenaza real. La historia se cuenta a través del entorno y registros de voz, centrándose en la mitología de un guerrero eterno que solo conoce la guerra.","Una banda sonora de metal industrial agresivo que reacciona a la intensidad del combate en tiempo real. Utiliza sintetizadores distorsionados y ritmos pesados que empujan al jugador a mantener un ritmo de acción frenético, siendo un referente moderno en musica interactiva.","Gráficos de vanguardia que destacan por la fluidez de las animaciones y la brutalidad de los efectos visuales. El diseño de los demonios es detallado y agresivo, utilizando una iluminación técnica que resalta la sangre y el metal de las instalaciones industriales de Marte."
enden_ring,enden_ring.jpg,Elden Ring,image/jpg,35.6895,139.6917,Metroidvania,lore,orquestal,realista,estetica,"Ábrete paso por las Tierras Entre para reclamar el poder del Círculo de Elden y convertirte en el señor del reino. Deberás explorar un mundo abierto colosal lleno de secretos, mazmorras y jefes que pondrán a prueba tu voluntad. Es una epopeya de fantasía oscura donde la libertad de exploración define tu leyenda.","El mundo está imbuido de una mitología rica y críptica creada en colaboración con George R.R. Martin. La historia se narra de forma no lineal a través de la arquitectura de las ruinas, las descripciones de objetos y el destino trágico de los dioses que gobiernan el mundo.","Composiciones orquestales colosales que utilizan coros y vientos para enfatizar la escala divina de los enfrentamientos. Durante la exploración, la musica es sutil y melancólica, permitiendo que el jugador sienta la soledad de un reino que ha perdido su gloria.","Dirección artística majestuosa que combina el realismo técnico con una imaginación visual desbordante. Los escenarios son vastos y presentan estructuras imposibles que parecen cuadros románticos, logrando una coherencia estetica que lo convierte en un referente del diseño de mundos."
enter_the_gungeon,enter_the_gungeon.jpg,Enter the Gungeon,image/jpg,38.9072,-77.0369,Roguelike,parodia,electrónica,pixelart,genero,"Dispara, saquea y esquiva balas en este vertiginoso mazmorrero donde cada arma tiene una personalidad absurda. Deberás descender por la Armazmorra para encontrar el arma mítica capaz de matar el pasado de tus protagonistas. Es un reto de habilidad pura cargado de humor y miles de secretos por descubrir.","La trama es una parodia constante de la cultura de las armas y los tropos de los videojuegos de mazmorras. Cada personaje tiene una motivación personal para buscar el perdón, revelada en finales breves pero significativos que cierran sus arcos tras superar desafíos casi imposibles.","musica pop-electrónica muy movida que mantiene la energía alta durante los tiroteos más caóticos. Los ritmos son pegadizos y utilizan efectos de sonido que encajan con los disparos, creando una coreografía auditiva que facilita la inmersión en el frenesí de balas.","Pixel art de alta precisión con una cantidad ingente de animaciones para cada arma y enemigo. Destaca por el uso de efectos visuales de destrucción en el escenario, donde las mesas se vuelcan y las alfombras se queman, dando vida a cada habitación de combate."
factorio,factorio.jpg,Factorio,image/jpg,50.0755,14.4378,Automation,técnica,ambiental,isométrico,genero,"Construye y gestiona fábricas automatizadas masivas en un planeta alienígena hostil para poder escapar. Deberás optimizar procesos logísticos, defender tus instalaciones de la fauna local y expandir tu imperio industrial hasta el infinito. Es el simulador de gestión definitivo donde la eficiencia es tu mayor virtud.","La narrativa se centra en la lucha del individuo contra un entorno hostil mediante la industrialización desmedida. No hay diálogos, ya que la historia es el propio progreso del jugador desde picar piedra a mano hasta lanzar cohetes espaciales en una escala planetaria.","Paisajes sonoros industriales que mezclan zumbidos de maquinaria con melodías ambientales melancólicas. El audio refuerza la sensación de soledad del ingeniero y la escala de la fábrica, convirtiendo el ruido de las cintas transportadoras en parte de la experiencia musical.","estetica industrial detallada con una vista isométrica que permite gestionar redes de transporte complejas de forma clara. Los sprites de las máquinas están diseñados para mostrar su funcionamiento interno, creando una visualización mecánica muy satisfactoria y coherente."
fall_guys,fall_guys.jpg,Fall Guys,image/jpg,51.5074,-0.1278,Local Co-op,parodia,electrónica,cartoon,genero,"Compite contra decenas de jugadores en una serie de carreras de obstáculos y minijuegos caóticos para ganar la corona. Deberás saltar, agarrar y empujar en un entorno lleno de físicas locas y disfraces coloridos. Es una experiencia multijugador hilarante donde la suerte y la torpeza son parte del juego.","Se presenta como un programa de concursos televisivo de gran presupuesto donde los participantes son criaturas elásticas sin propósito más allá de la victoria. La narrativa es puramente estetica y competitiva, enfocada en la diversión compartida y la humillación cómica de los rivales.","musica pop electrónica extremadamente vibrante y optimista que busca mantener el buen humor a pesar de las derrotas. Los temas son pegadizos y están diseñados para sonar como la cabecera de un programa de variedades frenético y moderno.","Utiliza modelos 3D blandos y redondeados con una paleta de colores neón y pasteles muy saturados. Las físicas cómicas de los personajes son la clave de su atractivo visual, logrando que cada caída o choque resulte gracioso y visualmente entretenido."
geometry_dash,geometry_dash.jpg,Geometry Dash,image/jpg,59.5186,17.9126,Platformer,ninguno,electrónica,digital,musica,"Salta y vuela a través del peligro en este frenético juego de plataformas basado en el ritmo. Deberás sincronizar cada movimiento con la musica para superar niveles casi imposibles llenos de pinchos y obstáculos. Es un desafío de reflejos puros con una comunidad infinita de creadores de niveles.","El juego prescinde de cualquier trama narrativa para centrarse en la experiencia de flujo rítmico. El progreso se define por la superación personal y la memorización de patrones, convirtiendo la estructura del nivel en el único lenguaje comunicativo entre el creador y el jugador.","Una selección masiva de pistas electrónicas de alta energía que dictan el diseño y los obstáculos de cada escenario. La musica no es un acompañamiento, sino la base fundamental sobre la que se construye la jugabilidad, siendo un referente de cómo el audio puede determinar la mecánica de salto.","Su estilo visual es geométrico y vibrante, utilizando colores neón y efectos de parpadeo que reaccionan a los pulsos de la canción. Destaca por su claridad visual y por la capacidad de procesar una gran cantidad de elementos móviles sin perder la legibilidad necesaria para la alta dificultad."
hollow_knight,hollow_knight.jpg,Hollow Knight,image/jpg,-34.9285,138.6007,Metroidvania,ambiental,orquestal,dibujo,estetica,"Desciende a las profundidades de un reino de insectos en ruinas para descubrir sus secretos y enfrentarte a criaturas corrompidas. Deberás forjar tu propio camino en un mundo interconectado que mezcla belleza melancólica con un combate desafiante. Es una de las cumbres del genero por su atmósfera y diseño de niveles.","La historia de Hallownest se cuenta de forma silenciosa a través de la arquitectura decrépita y los encuentros con personajes de diálogos crípticos. La narrativa ambiental permite que el jugador reconstruya el pasado de una civilización caída mediante la exploración minuciosa de sus restos.","Composiciones orquestales melancólicas que utilizan el piano y las cuerdas para subrayar la soledad de las cavernas. La musica cambia de forma sutil entre las distintas áreas, logrando una identidad sonora única que refuerza la sensación de asombro y peligro inminente en cada bioma.","Todo el arte está dibujado a mano con un nivel de detalle excepcional, utilizando una iluminación dinámica que da vida a los entornos 2D. Es una referencia por su uso de capas de profundidad y efectos de partículas que crean una atmósfera densa y visualmente cautivadora."
inazuma_eleven_victoryroad,inazuma_eleven_victoryroad.jpg,Inazuma Eleven: Victory Road,image/jpg,33.5904,130.4017,Social,lineal,orquestal,digital,narrativa,"Vive la emoción del fútbol estratégico y recluta a un equipo legendario en esta nueva entrega de la aclamada saga de rol deportivo. Deberás superar una historia de superación personal mientras dominas espectaculares técnicas especiales en el campo de juego. Combina la gestión de equipos con una narrativa de estilo anime muy marcada.","El guion sigue la estructura clásica de un spokon japonés, centrándose en el crecimiento de un nuevo protagonista y los lazos de amistad que se forjan en el club de fútbol. La trama avanza mediante secuencias cinematográficas que integran perfectamente los partidos con el desarrollo dramático.","Temas heroicos y enérgicos que utilizan una orquestación vibrante para enfatizar los momentos clave de los partidos. La musica busca inspirar al jugador durante las remontadas épicas, utilizando melodías pegadizas que se han convertido en una firma de identidad de la franquicia.","Presenta una estetica anime pulida con modelos en 3D que replican fielmente los diseños de personajes de la serie. Destaca especialmente por los efectos visuales de las 'supertecnicas', que inundan la pantalla de color y dinamismo cinematográfico durante las jugadas especiales."
it_takes_two,it_takes_two.jpg,It Takes Two,image/jpg,59.3293,18.0686,Local Co-op,decisiones,dinámica,realista,genero,"Embárcate en un viaje cooperativo obligatorio donde una pareja debe superar sus diferencias tras ser transformados en muñecos. Cada nivel introduce mecánicas de juego totalmente nuevas que requieren una coordinación perfecta entre ambos jugadores. Es una aventura creativa que reinventa constantemente su propia jugabilidad.","La trama utiliza la fantasía para explorar los problemas reales de un matrimonio en crisis y la importancia de la colaboración. La narrativa se integra en las mecánicas: los personajes deben aprender a trabajar juntos en el juego para poder reconciliarse en la historia.","Un apartado sonoro dinámico que cambia de genero musical según la temática de cada habitación de la casa, desde sintetizadores espaciales hasta ritmos de orquesta clásica. La musica acompaña la acción de ambos jugadores, adaptándose a la intensidad de los puzles y las persecuciones.","El diseño visual es asombrosamente variado, saltando entre el realismo de los entornos domésticos y la fantasía desbordante de los mundos miniatura. Destaca por su capacidad de mantener una alta fidelidad gráfica mientras gestiona pantallas divididas y una cantidad inmensa de elementos interactivos."
kinitopet,kinitopet.jpg,KinitoPET,image/jpg,51.5074,-0.1278,Psychological Horror,oscuro,retro,digital,narrativa,"Interactúa con un asistente virtual de apariencia amigable que esconde intenciones mucho más siniestras dentro de tu ordenador. El juego utiliza elementos meta-narrativos para romper la cuarta pared y generar una experiencia de terror psicológico única. Es una propuesta inquietante que juega con la nostalgia de la informática antigua.","La historia utiliza el propio sistema operativo como escenario, interactuando con archivos y ventanas para incomodar al jugador. El horror surge de la omnisciencia del personaje de Kinito, quien parece saber demasiado sobre la persona que está al otro lado de la pantalla.","El audio mezcla sonidos reconfortantes de interfaces clásicas con distorsiones digitales que señalan la presencia de algo corrupto. El uso de ruidos blancos y musica de baja fidelidad contribuye a crear una atmósfera de extrañeza y vulnerabilidad constante frente al software.","Imita a la perfección la estetica de los escritorios de finales de los 90 y principios de los 2000, con ventanas flotantes y gráficos pixelados de baja resolución. Su diseño visual es una herramienta de engaño, utilizando lo 'bonito' y lo retro para ocultar imágenes perturbadoras."
megabonk,megabonk.jpg,Megabonk,image/jpg,61.676546,9.336378,Bullet Hell,ninguno,electrónica,cartoon,genero,"Sobrevive a hordas masivas de enemigos en este caótico juego de supervivencia en 3D donde la potencia de fuego escala sin control. Deberás moverte con agilidad mientras desbloqueas mejoras automáticas que llenan la pantalla de explosiones y efectos. Es una experiencia de acción pura centrada en la satisfacción de destruir cientos de rivales por segundo.","Carece de una trama formal, enfocando todo el peso narrativo en la sensación de progresión y poder acumulado por el jugador. La historia es el propio caos de la batalla y la capacidad de resistencia frente a una dificultad que aumenta de forma exponencial.","Ritmos electrónicos frenéticos que acompañan el ritmo de las explosiones y los ataques constantes. La musica está diseñada para mantener un estado de adrenalina alta, sincronizándose con la densidad de enemigos que aparecen en pantalla durante las fases más avanzadas.","Utiliza un estilo cartoon con colores saturados y personajes simplificados que permiten gestionar una enorme cantidad de entidades simultáneas en 3D. Destaca por sus efectos visuales de impactos y habilidades, logrando un espectáculo de luces muy gratificante."
minecraft,minecraft.jpg,Minecraft,image/jpg,59.3293,18.0686,Survival,emergente,ambiental,voxel,genero,"Explora mundos infinitos y construye cualquier cosa que puedas imaginar en este sandbox de supervivencia icónico. Deberás recolectar recursos, luchar contra criaturas nocturnas y crear tus propias aventuras en un universo hecho de bloques. Es el referente máximo de la creatividad y la libertad total en los videojuegos.","La narrativa es enteramente emergente, permitiendo que cada jugador escriba su propia crónica basada en sus descubrimientos y construcciones. Aunque existen hitos finales, la verdadera historia es el viaje personal de cada usuario en su intento por dominar el entorno natural.","Una banda sonora ambiental compuesta principalmente por piano, conocida por su tono relajante y melancólico que invita a la contemplación. La musica aparece de forma orgánica durante la exploración, convirtiéndose en un refugio sonoro frente a la soledad del mundo infinito.","Su estetica de bloques o 'voxel' es una de las más reconocibles de la historia, demostrando que un diseño funcional y simple puede ser visualmente icónico. La simplicidad del arte facilita la modificación total del terreno y la creación de estructuras complejas por parte del jugador."
outer_wilds,outer_wilds.jpg,Outer_wilds,image/jpg,34.0522,-118.2437,Psychological Horror,filosófico,ambiental,pictórico,narrativa,"Investiga un sistema solar atrapado en un bucle temporal infinito para descubrir los secretos de una civilización desaparecida. Deberás pilotar tu nave y explorar planetas que cambian físicamente con el paso de los minutos antes de que el sol explote. Es una obra maestra de la exploración basada enteramente en el conocimiento.","La trama se descubre mediante la arqueología espacial, leyendo antiguos registros que revelan una historia profunda sobre el universo y la curiosidad científica. La narrativa filosófica aborda temas como la aceptación del final y el asombro ante lo desconocido de forma magistral.","Utiliza una instrumentación acústica con toques de banjo y armónica que transmite una sensación de calidez y hogar en medio del vacío espacial. La musica es una herramienta narrativa clave, marcando el final de cada bucle con una melodía que evoca tanto paz como urgencia.","El diseño visual es pictórico y detallado, creando planetas únicos con mecánicas físicas asombrosas que ocurren en tiempo real. Es un referente en dirección de arte por lograr que cuerpos celestes pequeños se sientan inmensos y llenos de misterios tangibles."
overcooked,overcooked.jpg,Overcooked,image/jpg,52.2053,0.1218,Local Co-op,comedia,dinámica,cartoon,genero,"Gestiona cocinas imposibles junto a tus amigos mientras intentas preparar pedidos bajo una presión extrema. Deberás coordinar tareas en escenarios que se dividen, se mueven o incluso se incendian en el momento menos oportuno. Es el juego definitivo de cooperación local donde la comunicación es la clave para el éxito.","La historia es una parodia de los apocalipsis épicos, donde los cocineros deben entrenar sus habilidades para alimentar a un monstruo insaciable que amenaza el reino. El humor surge de las situaciones caóticas y los errores de coordinación que inevitablemente ocurren durante la partida.","Melodías frenéticas y alegres que aceleran su ritmo a medida que el cronómetro se acerca a cero. La musica es un componente esencial de la tensión, utilizando sonidos de cocina integrados en los ritmos para aumentar la sensación de urgencia y diversión compartida.","Presenta un estilo visual caricaturesco y amable, con personajes y alimentos muy fáciles de distinguir en medio del caos. El diseño de los escenarios es ingenioso y utiliza colores vibrantes para señalar los elementos interactivos y los peligros del entorno."
peak,peak.jpg,PEAK,image/jpg,59.3293,18.0686,Local Co-op,mudo,ambiental,realista,genero,"Enfréntate a la verticalidad extrema en este desafío de escalada cooperativa donde la física es tu mejor aliada y tu peor enemiga. Deberás coordinar cada movimiento con tus compañeros para alcanzar la cima de montañas escarpadas. Es una experiencia de tensión constante que premia la paciencia y la precisión técnica.","La ausencia de diálogos traslada todo el peso narrativo al esfuerzo compartido y a la superación de los obstáculos físicos del entorno. La historia es el propio ascenso, donde cada caída y cada agarre exitoso construyen una crónica de supervivencia y camaradería muy humana.","El diseño sonoro se centra en paisajes ambientales que capturan la soledad de las alturas y la fuerza de los elementos naturales. El silbido del viento y el crujido de la roca crean una inmersión profunda que subraya la fragilidad de los escaladores frente a la inmensidad de la montaña.","Presenta una estética realista enfocada en la representación táctil de las superficies y la iluminación natural de los picos. El diseño visual prioriza la legibilidad de las texturas para que el jugador pueda identificar de forma instintiva los puntos de apoyo seguros en medio de la ventisca."
pico_park,pico_park.jpg,Pico Park,image/jpg,36.2048,138.2529,Local Co-op,ninguno,retro,minimalista,genero,"Reúne a tus amigos en este juego de puzles cooperativo donde la sincronización es fundamental para avanzar por niveles llenos de trampas. Deberás trabajar en equipo para encontrar llaves y abrir puertas en desafíos que requieren la participación de todos los jugadores. Es un caos divertido diseñado específicamente para poner a prueba la paciencia de cualquier grupo.","El juego carece de trama para centrarse exclusivamente en la interacción social y la resolución de problemas grupales. La narrativa surge de la frustración y el éxito compartido de los jugadores, convirtiendo la cooperación en el único motor del progreso.","Utiliza melodías de estilo chiptune muy alegres y sencillas que mantienen el tono festivo a pesar de la dificultad de los niveles. La música es rítmica y constante, diseñada para acompañar la repetición de intentos sin resultar intrusiva durante la comunicación entre los jugadores.","Su estética es puramente minimalista, con personajes de colores planos y formas geométricas básicas que facilitan la navegación de hasta ocho usuarios simultáneos. Este diseño visual funcional permite que la pantalla se mantenga clara incluso en los momentos de mayor aglomeración y caos cooperativo."
plants_vs_zombies,plants_vs_zombies.jpg,Plants vs. Zombies,image/jpg,47.6062,-122.3321,Automation,comedia,electrónica,dibujo,estetica,"Defiende tu hogar de una invasión de divertidos zombies utilizando un arsenal de plantas con habilidades únicas y defensivas. Deberás gestionar tus recursos solares de forma eficiente para colocar tus defensas antes de que las hordas alcancen tu puerta. Es un clásico de la estrategia que combina mecánicas accesibles con una profundidad táctica sorprendente.","El juego utiliza un humor absurdo constante para presentar una parodia del genero de invasión zombie. A través del manual de personajes y los breves encuentros con el vecino Loco Dave, se construye un universo simpático y carismático que resta importancia al tono apocalíptico tradicional.","La banda sonora mezcla sintetizadores y ritmos de percusión pegadizos que se han convertido en un referente de la identidad sonora en juegos casuales. Las melodías logran ser tensas pero divertidas, adaptándose perfectamente a la temática de comedia de terror del título.","Presenta un estilo de dibujo vectorial muy pulido con animaciones fluidas que dotan de gran personalidad tanto a las plantas como a los zombies. Los diseños son icónicos y fáciles de identificar, permitiendo al jugador leer el estado de la batalla de un vistazo rápido a su jardín."
poly_bridge,poly_bridge.jpg,Poly Bridge,image/jpg,-41.2865,174.7762,Automation,ninguno,lofi,low-poly,genero,"Pon a prueba tus habilidades de ingeniería construyendo puentes creativos que deben soportar el paso de diversos vehículos sin colapsar. Deberás gestionar presupuestos limitados y utilizar las leyes de la física para superar niveles de complejidad creciente. Es un simulador de construcción tan educativo como gratificante en sus soluciones más locas.","La narrativa es inexistente, delegando todo el protagonismo al proceso intelectual de diseño y al espectáculo físico de las estructuras fallidas. El juego celebra la experimentación y el error, permitiendo que cada solución ingeniosa se sienta como un hito personal del jugador.","Utiliza pistas de guitarra acústica y ritmos suaves de estilo lo-fi que invitan a la calma y a la reflexión necesaria para resolver los puzles. La música actúa como un bálsamo frente a la frustración de ver un puente romperse, manteniendo un ambiente de trabajo creativo y relajado.","Su estética low-poly es colorida y muy limpia, facilitando la visualización técnica de los nodos y los tensores de los puentes. El diseño visual es funcional pero atractivo, logrando que la ingeniería de estructuras se perciba como algo lúdico y accesible para todo el mundo."
project_zomboid,project_zomboid.jpg,Project Zomboid,image/jpg,54.9783,-1.6174,Survival,emergente,ambiental,isométrico,narrativa,"Sobrevive en un apocalipsis realista donde cada herida, el hambre y la salud mental son factores determinantes para tu destino. Deberás saquear casas, fortificar refugios y evitar el contacto con hordas masivas de muertos vivientes en un mundo persistente. Es una simulación profunda que te advierte desde el principio que esta es la historia de tu muerte.","La historia es enteramente emergente, construida por las pequeñas tragedias cotidianas y los actos de desesperación que el jugador comete para sobrevivir un día más. No hay un guion predefinido, sino una crónica descarnada sobre la fragilidad humana y la soledad en un mundo que ha dejado de funcionar.","El apartado sonoro es desolador, utilizando melodías acústicas y ambientes de silencio que subrayan la tensión de la supervivencia. Los sonidos de la naturaleza y los gemidos distantes de los zombies son los encargados de dictar el ritmo del miedo, siendo un referente en diseño de audio para el horror.","Utiliza una vista isométrica muy detallada que permite una gestión estratégica del espacio y el inventario. Su estética imita los juegos de rol clásicos, logrando transmitir una atmósfera de suciedad y decadencia que refuerza el tono realista y opresivo de la experiencia."
red_dead_redemption_2,red_dead_redemption_2.jpg,Red Dead Redemption 2,image/jpg,40.7128,-74.0060,Survival,lineal,dinámica,realista,narrativa,"Vive la decadencia de la era de los forajidos en esta epopeya de mundo abierto que sigue los pasos del bandido Arthur Morgan. Deberás luchar por tu banda mientras el mundo moderno comienza a imponer su ley en el salvaje corazón de América. Es una obra maestra cinematográfica que destaca por su atención obsesiva al detalle y su narrativa profunda.","El guion es un estudio de personaje magistral sobre la lealtad, la pérdida y la búsqueda de redención en un mundo que ya no tiene sitio para los criminales. La historia se desarrolla con un ritmo pausado que permite al jugador forjar un vínculo emocional genuino con el protagonista y su entorno.","Una banda sonora dinámica que utiliza instrumentos de época para adaptarse en tiempo real a la intensidad de la acción. La música subraya la épica de los tiroteos y la melancolía de los viajes a caballo, convirtiéndose en un componente fundamental de la atmósfera de western crepuscular.","Alcanza la cima del fotorrealismo técnico con un sistema de iluminación volumétrica y animaciones naturales que lo sitúan como un referente de la industria. Cada elemento del escenario, desde el barro hasta la fauna, reacciona de forma física e visualmente impecable a la interacción del jugador."
repo,repo.jpg,R.E.P.O.,image/jpg,40.7128,-74.0060,Psychological Horror,misterio,industrial,realista,genero,"Adéntrate en instalaciones industriales malditas para recuperar chatarra valiosa mientras evitas a criaturas que acechan en la oscuridad profunda. Deberás coordinar el uso de linternas y herramientas limitadas para cumplir tu cuota de trabajo corporativo antes de que se agote el tiempo. Es un horror cooperativo tenso basado en la avaricia y la supervivencia claustrofóbica.","La trama se sugiere a través de la frialdad de las órdenes corporativas y el estado de abandono de los escenarios que el jugador debe saquear. El misterio reside en el origen de las entidades que habitan las instalaciones, creando una narrativa de tensión ambiental y miedo a lo desconocido.","Utiliza un diseño de sonido industrial y opresivo, donde los ruidos de la maquinaria vieja y el audio espacial son cruciales para detectar amenazas. El silencio se utiliza de forma magistral para amplificar la sensación de aislamiento y la importancia de la comunicación por radio entre compañeros.","Presenta una estética realista pero sucia, con una iluminación muy limitada que obliga al jugador a depender de fuentes de luz portátiles. El diseño visual destaca por su capacidad de generar claustrofobia mediante sombras densas y entornos metálicos que parecen cerrarse sobre el grupo."
shootgun_king,shootgun_king.jpg,Shotgun King: The Final Checkmate,image/jpg,43.6108,3.8767,Roguelike,parodia,retro,pixelart,genero,"Reinventa el ajedrez clásico asumiendo el papel del Rey Negro, quien harto de las reglas decide usar una escopeta para acabar con las piezas blancas. Deberás moverte según las reglas del tablero mientras gestionas tu munición y mejoras tus disparos para derrotar al ejército contrario. Es una genialidad táctica que mezcla la estrategia milenaria con el frenesí de los roguelikes modernos.","La historia es una parodia elegante de la monarquía y las normas rígidas del ajedrez, presentada con un tono satírico y rebelde. La narrativa se desarrolla mediante breves diálogos entre partidas que explican la furia del rey y su deseo de venganza contra el sistema establecido.","Melodías de estilo retro con un tono oscuro y aristocrático que encajan perfectamente con la temática del tablero de guerra. La música mantiene un ritmo constante de duelo intelectual que se acelera con cada disparo, logrando una atmósfera de competición seria pero absurda.","Utiliza un pixel art minimalista de estilo '1-bit' en blanco y negro, logrando una estética muy estilizada y distinguida. El diseño de las piezas es icónico y permite leer la jugada de forma clara, demostrando que la limitación cromática puede ser una herramienta visual poderosísima."
slay_the_pricess,slay_the_pricess.jpg,Slay the Princess,image/jpg,43.6532,-79.3832,Psychological Horror,filosófico,orquestal,dibujo,narrativa,"Te encuentras en una cabaña con una misión sencilla: debes matar a la princesa que se encuentra en el sótano para salvar el mundo. A través de diálogos ramificados y decisiones morales extremas, descubrirás que nada es lo que parece en este viaje surrealista. Es una novela visual de horror psicológico que desafía la percepción del jugador sobre el destino y la identidad.","El guion es una obra maestra de la meta-narrativa donde la voz del narrador y la de la propia princesa interactúan con las dudas del jugador. Cada elección altera no solo la trama, sino la propia forma física y personalidad de la princesa, explorando temas profundos de percepción y realidad.","Una banda sonora orquestal inquietante que utiliza cuerdas y coros susurrados para generar una atmósfera de cuento de hadas retorcido. El audio es fundamental para transmitir la dualidad de la princesa, alternando entre melodías dulces y composiciones disonantes que señalan el horror oculto.","Todo el apartado visual está realizado con dibujos a lápiz y carboncillo, utilizando una paleta de colores limitada donde el rojo destaca sobre el blanco y negro. Este estilo artístico artesanal le otorga una personalidad visual única y perturbadora que refuerza el tono onírico del juego."
slime_rancher,slime_rancher.jpg,Slime Rancher,image/jpg,37.5630,-122.3255,Survival,ambiental,electrónica,dibujo,estetica,"Viaja a un planeta lejano para construir tu propia granja de adorables criaturas gelatinosas llamadas slimes. Deberás explorar el mundo, recolectar recursos y mejorar tus instalaciones mientras gestionas la alimentación y el bienestar de tus capturas. Es una experiencia relajante y colorida que mezcla la exploración con la gestión económica de forma muy satisfactoria.","La historia se descubre de forma sutil mediante correos electrónicos y grabaciones dejadas por el anterior ranchero de la zona. Es una narrativa de descubrimiento personal y nostalgia que aporta un contexto emocional suave a la actividad diaria de la granja.","Una banda sonora de estilo country-electrónico que transmite una sensación constante de paz y optimismo. La música acompaña perfectamente las tareas de recolección y exploración, utilizando ritmos tranquilos que invitan a disfrutar del paisaje alienígena sin prisas.","Destaca por un diseño de personajes extremadamente simpático y un mundo 3D lleno de colores vibrantes y texturas brillantes. La estética es acogedora y utiliza animaciones fluidas para que el comportamiento de los slimes sea visualmente divertido y muy gratificante de observar."
papers_please,papers_please.jpg,Papers Please,image/jpg,35.8617,139.6455,Psychological Horror,decisiones,retro,pixelart,genero,"Asume el papel de un inspector de aduanas en un estado totalitario y decide quién entra al país analizando sus documentos. Deberás equilibrar la eficiencia de tu trabajo con la necesidad de alimentar a tu familia en un entorno lleno de dilemas morales. Es un thriller burocrático que pone a prueba tu ética y tu humanidad.","La trama se construye a través de las historias breves y trágicas de las personas que intentan cruzar la frontera del estado de Arstotzka. El jugador toma decisiones constantes que afectan el destino de desconocidos y la seguridad de su propia familia, llevando a múltiples finales dramáticos que exploran la empatía forzada.","El audio es minimalista y opresivo, destacando por un himno militarista inicial y los sonidos secos de los sellos y el papel sobre el escritorio. La ausencia de música durante la jornada laboral refuerza la frialdad de la burocracia y la soledad del inspector frente a sus responsabilidades estatales.","Utiliza un pixel art de baja resolución en tonos grises y ocres que transmite perfectamente la miseria y el control de un régimen totalitario. La interfaz del juego es su propio escenario, convirtiendo el escritorio de trabajo en un lugar tenso y claustrofóbico que comunica opresión de forma visual."
stardew_valley,stardew_valley.jpg,Stardew Valley,image/jpg,47.6062,-122.3321,Survival,personal,lineal,pixelart,genero,"Hereda la vieja granja de tu abuelo y comienza una nueva vida lejos de la ciudad en el acogedor Pueblo Pelícano. Deberás cultivar la tierra, entablar relaciones con los vecinos y explorar cuevas llenas de tesoros mientras restauras la gloria del centro cívico. Es el simulador de vida definitivo que celebra la calma, la comunidad y el trabajo duro.","Las historias personales de los habitantes abordan temas reales como el alcoholismo, el desempleo y el trauma de forma asombrosa para su genero. La narrativa fluye a través de eventos de amistad que profundizan en la humanidad de los personajes, convirtiendo la gestión de la granja en un refugio emocional con un trasfondo social profundo.","Una banda sonora estacional que cambia su tono para reflejar el espíritu de cada época del año, desde la energía primaveral hasta la melancolía invernal. El uso de sintetizadores suaves y guitarras acústicas crea un ambiente acogedor que reduce el estrés y fomenta la inmersión total en la vida rural del valle.","El pixel art es cálido y extremadamente detallado, capturando la belleza de la naturaleza y los cambios en el entorno de forma magistral. Los retratos de los personajes y las animaciones de los cultivos al crecer dotan al mundo de una vitalidad y un encanto artesanal que se ha convertido en el estándar del genero."
terraria,terraria.jpg,Terraria,image/jpg,40.2672,-86.1349,Survival,emergente,electrónica,pixelart,genero,"Explora un mundo infinito generado por procedimientos donde podrás construir, luchar y excavar hasta las profundidades del infierno. Deberás enfrentarte a jefes colosales y recolectar materiales para fabricar miles de objetos únicos que mejoren tus habilidades. Es una aventura de acción en 2D que ofrece una libertad creativa casi ilimitada en un ecosistema vibrante.","La narrativa es enteramente emergente y depende de la curiosidad del jugador por invocar deidades y superar hitos de progresión. La historia del mundo se cuenta a través de la llegada de nuevos habitantes y la transformación del entorno a medida que la corrupción o el carmesí intentan devorar el ecosistema.","Melodías de sintetizador icónicas que cambian drásticamente según el bioma en el que se encuentre el jugador, desde tonos alegres en la superficie hasta ritmos inquietantes en las cuevas. La música es una herramienta de identificación geográfica muy potente que refuerza la personalidad de cada zona explorada.","Presenta un pixel art denso y colorido con una inmensa variedad de efectos visuales para hechizos y ataques. Destaca por su capacidad de representar una cantidad ingente de elementos en pantalla, logrando una coherencia visual en un mundo donde el jugador puede modificar cada bloque del escenario."
the_blinding_of_isaac,the_blinding_of_isaac.jpg,The Binding of Isaac,image/jpg,36.9741,-122.0308,Roguelike,oscuro,rock,dibujo,narrativa,"Acompaña a Isaac en su huida hacia el sótano para escapar de su madre en una pesadilla llena de horrores bíblicos y traumas infantiles. Deberás utilizar tus propias lágrimas como arma para derrotar a criaturas grotescas mientras encuentras objetos que alteran tu apariencia y poder. Es un roguelike visceral con una profundidad mecánica que lo hace prácticamente infinito.","El guion utiliza un simbolismo religioso perturbador para explorar temas de abuso, identidad y culpa desde la perspectiva de un niño. La narrativa se descubre a través de breves secuencias finales y la propia iconografía de los objetos, construyendo un universo psicológico denso y muy característico.","Una banda sonora de rock industrial y composiciones oscuras que enfatizan la naturaleza grotesca y frenética de la mazmorra. El audio es contundente y subraya el horror de los encuentros con jefes, utilizando ritmos pesados que encajan con la atmósfera de pesadilla constante que vive el protagonista.","Su estilo visual es de dibujo a mano alzada con una estética feísta que logra que lo repulsivo resulte icónico. Destaca por su ingenioso sistema de transformación visual, donde cada objeto recolectado cambia físicamente al personaje, creando una representación gráfica directa de su progresión y sufrimiento."
undertale,undertale.jpg,Undertale,image/jpg,42.4072,-71.3824,Psychological Horror,filosófico,chiptune,pixelart,musica,"Explora un mundo subterráneo habitado por monstruos donde tus decisiones de perdonar o luchar determinan el destino de todos los seres que encuentres. Deberás interactuar con personajes carismáticos y resolver puzles mientras rompes las reglas tradicionales del genero RPG. Es una obra maestra de la meta-narrativa que te invita a reconsiderar el valor de la piedad.","La trama es un estudio profundo sobre las consecuencias de la violencia en los videojuegos, recordando las acciones del jugador incluso tras reiniciar la partida. El guion utiliza el humor y la subversión de expectativas para crear un vínculo emocional real, donde los personajes parecen ser conscientes de la presencia del usuario.","Su banda sonora es legendaria por el uso de leitmotivs que identifican emocionalmente a cada habitante del subsuelo. La mezcla de chiptune retro con arreglos orquestales modernos crea una identidad sonora poderosa que ha trascendido el propio juego para convertirse en un fenómeno cultural.","Utiliza un pixel art sencillo que prioriza la expresividad y la caricatura por encima del detalle técnico. Esta simplicidad estética es una decisión deliberada que permite que la personalidad de los personajes brille a través de sus gestos, logrando que el diseño visual sea tan carismático como su guion."
vampire_survivors,vampire_survivors.jpg,Vampire Survivors,image/jpg,51.5074,-0.1278,Bullet Hell,ninguna,retro,pixelart,genero,"Sobrevive a miles de criaturas nocturnas mientras tus ataques se disparan de forma automática en una lluvia constante de efectos visuales y gemas. Deberás moverte con astucia para recolectar experiencia y elegir las mejores combinaciones de armas antes de que el reloj llegue a su fin. Es una experiencia arcade adictiva que ha definido un nuevo estándar de supervivencia masiva.","La narrativa es mínima y se basa en el desbloqueo de secretos absurdos y personajes variopintos que sugieren un universo de horror gótico paródico. El juego no busca contar una historia lineal, sino que confía en el descubrimiento de nuevos niveles y desafíos para mantener el interés del jugador por el lore oculto.","Melodías de orquesta de teclado que evocan la energía de los juegos de consola de los años 80 y 90. La música es vibrante y pegadiza, diseñada para mantener la adrenalina alta durante las sesiones de juego cortas mientras cientos de enemigos inundan la pantalla.","Presenta una estética inspirada en los clásicos de la era de 8 y 16 bits, con sprites sencillos pero muy reconocibles. Su mayor logro visual es la gestión de miles de partículas y enemigos simultáneos sin perder la satisfacción de ver cómo la pantalla se llena de luz y caos destructivo."
worm_wmd,worm_wmd.jpg,Worms W.M.D,image/jpg,53.6833,-1.4977,Local Co-op,comedia,orquestal,dibujo,genero,"Comanda un ejército de gusanos armados con un arsenal ridículo en este clásico juego de guerra estratégica por turnos. Deberás usar tanques, helicópteros y todo tipo de inventos locos para eliminar a tus rivales en escenarios totalmente destructibles. Es la entrega más completa de la saga, ideal para partidas cooperativas llenas de estrategia, errores fatales y risas.","La historia es una parodia constante del cine bélico y la seriedad militar, protagonizada por gusanos con personalidades histriónicas. El humor británico impregna cada diálogo y descripción de arma, convirtiendo la competición en una serie de gags visuales donde la derrota suele ser tan divertida como la victoria.","Composiciones orquestales de tono militar heroico que contrastan cómicamente con la apariencia diminuta de los protagonistas. El diseño sonoro es fundamental, utilizando voces agudas y efectos de sonido exagerados que se han convertido en la firma de identidad de la franquicia desde sus inicios.","Todo el apartado artístico está dibujado a mano con un estilo de caricatura vibrante y muy detallado. Los escenarios son coloridos y presentan una destrucción procedural que permite ver cómo el mapa se desintegra bajo los disparos, logrando una experiencia visual dinámica y muy satisfactoria."
